province;red;green;blue;x;x
1;235;206;43;Province0001;x
2;214;181;76;Province0002;x
3;60;102;23;Province0003;x
4;187;164;51;Province0004;x
5;238;98;42;Province0005;x
6;214;170;36;Province0006;x
7;193;204;52;Province0007;x
8;147;3;34;Province0008;x
9;196;161;80;Province0009;x
10;213;158;50;Province0010;x
11;236;162;23;Province0011;x
12;142;43;59;Province0012;x
13;224;127;16;Province0013;x
14;185;209;75;Province0014;x
15;123;31;15;Province0015;x
16;245;119;5;Province0016;x
17;171;157;193;Province0017;x
18;197;194;216;Province0018;x
19;209;150;10;Province0019;x
20;204;161;204;Province0020;x
21;26;62;10;Province0021;x
22;234;219;76;Province0022;x
23;184;207;79;Province0023;x
24;49;71;18;Province0024;x
25;132;32;57;Province0025;x
26;61;59;7;Province0026;x
27;247;113;54;Province0027;x
28;250;138;28;Province0028;x
29;174;50;32;Province0029;x
30;35;105;50;Province0030;x
31;189;158;29;Province0031;x
32;152;55;2;Province0032;x
33;186;179;198;Province0033;x
34;227;151;18;Province0034;x
35;239;132;40;Guatemala;x
36;242;104;37;Province0036;x
37;198;122;30;Province0037;x
38;246;116;62;Province0038;x
39;195;111;4;Province0039;x
40;237;147;6;Province0040;x
41;172;160;154;Province0041;x
42;195;117;5;Province0042;x
43;209;189;212;Province0043;x
44;115;15;23;Province0044;x
45;226;104;62;Costa Rica;x
46;190;198;80;Province0046;x
47;194;183;34;Province0047;x
48;123;62;41;Province0048;x
49;12;92;52;Province0049;x
50;238;104;57;Province0050;x
51;232;113;41;Panama;x
52;168;212;197;Province0052;x
53;207;106;18;Province0053;x
54;192;172;168;Province0054;x
55;12;110;31;Province0055;x
56;34;86;16;Province0056;x
57;171;2;30;Province0057;x
58;225;122;29;Belize;x
59;216;184;73;Province0059;x
60;211;163;36;Province0060;x
61;190;203;186;Moonlanding;x
62;242;129;44;Province0062;x
63;19;87;39;Province0063;x
64;124;24;3;Province0064;x
65;128;145;138;Darien;x
66;200;194;23;Province0066;x
67;164;36;17;Province0067;x
68;15;96;31;Province0068;x
69;192;192;73;Tenochtitlan;x
70;203;147;53;Honduras;x
71;242;167;58;Province0071;x
72;132;39;60;Province0072;x
73;173;46;22;Province0073;x
74;199;103;31;Province0074;x
75;244;204;80;Province0075;x
76;204;205;170;Province0076;x
77;166;166;188;Province0077;x
78;213;198;78;Province0078;x
79;15;109;55;Province0079;x
80;231;208;67;Province0080;x
81;174;154;203;Province0081;x
82;184;199;32;Province0082;x
83;175;12;61;Province0083;x
84;210;101;6;Province0084;x
85;21;75;62;Province0085;x
86;93;121;6;Province0086;x
87;209;163;156;Province0087;x
88;142;22;54;Province0088;x
89;232;99;49;Province0089;x
90;160;50;34;Province0090;x
91;240;138;21;Province0091;x
92;46;96;63;Province0092;x
93;170;16;26;Province0093;x
94;169;56;18;Province0094;x
95;83;98;9;Province0095;x
96;61;69;33;Province0096;x
97;67;36;75;Province0097;x
98;13;116;31;Province0098;x
99;138;5;54;Province0099;x
100;239;209;25;Province0100;x
101;210;164;74;Province0101;x
102;59;60;24;Province0102;x
103;241;185;41;Province0103;x
104;212;185;43;Province0104;x
105;200;163;68;Province0105;x
106;227;187;36;Province0106;x
107;212;136;49;Province0107;x
108;132;88;34;Province0108;x
109;244;119;44;Province0109;x
110;198;177;33;Province0110;x
111;213;158;20;Province0111;x
112;162;10;33;Province0112;x
113;158;4;39;Province0113;x
114;224;125;58;Province0114;x
115;100;63;62;Province0115;x
116;132;26;31;Province0116;x
117;99;214;182;Houston;x
118;149;48;46;Province0118;x
119;6;116;21;Province0119;x
120;210;190;56;Province0120;x
121;175;1;22;Province0121;x
122;231;148;10;Province0122;x
123;167;1;3;Province0123;x
124;71;163;192;Santa Barbara;x
125;239;214;18;Province0125;x
126;93;168;191;Province0126;x
127;71;24;74;Province0127;x
128;97;47;27;Province0128;x
129;233;183;24;Province0129;x
130;69;34;43;Ryha;x
131;184;182;59;Province0131;x
132;83;120;141;Province0132;x
133;27;63;5;Province0133;x
134;11;101;48;Province0134;x
135;123;13;57;Province0135;x
136;242;150;50;Province0136;x
137;231;172;65;Rio de Janeiro;x
138;89;73;1;Province0138;x
139;244;98;61;Province0139;x
140;120;45;13;Sun's Oasis;x
141;80;200;211;San Francisco;x
142;43;79;12;Province0142;x
143;142;9;0;Province0143;x
144;72;156;212;Province0144;x
145;156;166;152;Austin2;x
146;4;118;53;Province0146;x
147;114;65;7;Province0147;x
148;204;177;36;Province0148;x
149;31;116;52;Province0149;x
150;165;153;114;Austin;x
151;224;115;41;Province0151;x
152;197;155;37;Province0152;x
153;21;90;31;Province0153;x
154;202;206;44;Province0154;x
155;114;22;56;Province0155;x
156;123;38;12;Province0156;x
157;65;57;32;Province0157;x
158;150;34;44;Province0158;x
159;124;25;33;Province0159;x
160;101;103;18;Province0160;x
161;81;200;200;Province0161;x
162;214;135;30;Province0162;x
163;108;60;155;North Bay;x
164;95;169;194;Sacramento;x
165;168;116;120;Province0165;x
166;130;48;4;Province0166;x
167;207;216;45;Province0167;x
168;195;202;23;Province0168;x
169;223;143;32;Province0169;x
170;66;209;155;Province0170;x
171;140;24;36;Province0171;x
172;78;92;149;Province0172;x
173;115;75;37;Province0173;x
174;120;36;58;Province0174;x
175;109;38;65;Province0175;x
176;34;85;12;Province0176;x
177;223;215;74;Miami;x
178;136;54;10;Province0178;x
179;134;91;47;Province0179;x
180;238;192;76;Rio;x
181;96;184;159;Sierras;x
182;170;162;127;Province0182;x
183;99;54;26;Province0183;x
184;120;158;108;Province0184;x
185;45;95;41;Province0185;x
186;20;90;28;Province0186;x
187;93;96;35;Province0187;x
188;123;170;126;Province0188;x
189;243;179;19;Province0189;x
190;89;187;206;Province0190;x
191;153;7;3;Province0191;x
192;99;188;192;Province0192;x
193;212;199;28;Province0193;x
194;236;216;66;Province0194;x
195;24;76;11;Province0195;x
196;178;174;136;Province0196;x
197;103;193;159;Province0197;x
198;81;96;104;Province0198;x
199;208;136;26;Province0199;x
200;87;106;56;Gateway Shores;x
201;9;92;52;Province0201;x
202;136;152;126;Province0202;x
203;202;215;48;Province0203;x
204;71;197;164;Province0204;x
205;93;76;56;Province0205;x
206;205;166;54;Province0206;x
207;13;116;5;Province0207;x
208;83;80;109;NorCal;x
209;64;68;24;Province0209;x
210;60;39;72;Province0210;x
211;61;84;38;Province0211;x
212;61;109;98;Gold Country;x
213;97;70;111;Province0213;x
214;23;119;24;Province0214;x
215;152;41;15;Province0215;x
216;127;49;8;Province0216;x
217;98;22;27;Province0217;x
218;3;112;29;Province0218;x
219;102;175;170;Province0219;x
220;94;178;184;Atlanta;x
221;244;196;69;Province0221;x
222;91;112;144;Province0222;x
223;233;191;20;Province0223;x
224;76;176;179;Province0224;x
225;67;62;64;Northern Jungle;x
226;63;163;157;Province0226;x
227;53;59;60;Province0227;x
228;97;154;165;Nashville;x
229;65;190;170;Province0229;x
230;126;75;11;Province0230;x
231;120;190;215;Province0231;x
232;93;106;28;Province0232;x
233;111;215;204;Province0233;x
234;117;152;125;Province0234;x
235;115;80;27;Province0235;x
236;82;28;29;Province0236;x
237;33;102;40;Province0237;x
238;24;112;56;Province0238;x
239;110;164;182;Province0239;x
240;246;142;10;Province0240;x
241;116;117;122;Province0241;x
242;62;76;15;Province0242;x
243;235;191;26;Province0243;x
244;98;169;156;Province0244;x
245;103;110;141;Province0245;x
246;85;215;177;Province0246;x
247;203;211;73;Province0247;x
248;79;30;78;Province0248;x
249;26;80;5;Province0249;x
250;115;121;104;Province0250;x
251;113;78;51;Province0251;x
252;114;62;74;Province0252;x
253;107;66;72;Province0253;x
254;115;197;169;Province0254;x
255;47;60;45;Province0255;x
256;93;60;58;Province0256;x
257;60;162;182;Province0257;x
258;70;214;209;Province0258;x
259;87;197;194;Province0259;x
260;57;102;5;Province0260;x
261;32;93;10;Province0261;x
262;90;23;40;Province0262;x
263;64;60;3;Jungusalem;x
264;105;94;115;District of Columbia;x
265;105;31;79;Province0265;x
266;74;77;55;Province0266;x
267;90;90;126;Province0267;x
268;69;79;26;Province0268;x
269;71;69;81;Province0269;x
270;98;116;141;Province0270;x
271;65;79;141;Province0271;x
272;153;163;142;Province0272;x
273;190;176;48;Province0273;x
274;103;173;174;Province0274;x
275;26;65;19;Province0275;x
276;203;109;59;Province0276;x
277;73;190;160;Province0277;x
278;35;71;28;Province0278;x
279;83;65;26;Province0279;x
280;61;38;32;Province0280;x
281;71;48;64;Province0281;x
282;80;167;156;Province0282;x
283;99;212;199;Province0283;x
284;69;36;82;Province0284;x
285;42;108;53;Province0285;x
286;56;86;2;Province0286;x
287;47;98;3;Province0287;x
288;83;88;151;Province0288;x
289;112;75;139;Province0289;x
290;104;50;58;Province0290;x
291;120;194;199;Province0291;x
292;101;53;48;Province0292;x
293;71;56;28;Province0293;x
294;96;87;138;Province0294;x
295;89;42;50;Province0295;x
296;66;66;63;Province0296;x
297;18;99;31;Province0297;x
298;116;32;47;Province0298;x
299;94;72;111;Province0299;x
300;19;70;10;Province0300;x
301;162;119;100;Province0301;x
302;45;108;9;Province0302;x
303;65;43;64;Province0303;x
304;172;89;66;Province0304;x
305;67;82;83;Province0305;x
306;93;182;201;Province0306;x
307;28;74;43;Province0307;x
308;169;82;68;Province0308;x
309;75;47;20;Province0309;x
310;99;64;71;Province0310;x
311;34;73;40;Province0311;x
312;118;186;195;Province0312;x
313;10;68;42;Province0313;x
314;73;20;59;Province0314;x
315;59;109;17;Province0315;x
316;16;112;42;Province0316;x
317;162;84;71;Toronto;x
318;111;79;74;Province0318;x
319;81;67;27;Northern Oasis;x
320;191;63;110;Province0320;x
321;73;47;37;Foothills of Mun;x
322;195;88;109;Province0322;x
323;198;100;64;Province0323;x
324;12;89;47;Province0324;x
325;77;93;137;Province0325;x
326;71;33;26;Province0326;x
327;33;78;33;Province0327;x
328;35;71;44;Province0328;x
329;119;64;158;New York;x
330;31;109;46;Province0330;x
331;12;78;21;Province0331;x
332;51;74;62;Province0332;x
333;146;39;28;Province0333;x
334;59;42;61;Jungle Peninsula;x
335;44;113;43;Province0335;x
336;115;191;194;Province0336;x
337;171;114;109;Province0337;x
338;85;45;45;Province0338;x
339;167;98;69;Province0339;x
340;7;73;1;Province0340;x
341;88;114;114;Province0341;x
342;84;47;52;Province0342;x
343;95;41;41;Province0343;x
344;51;62;62;Province0344;x
345;112;76;149;Province0345;x
346;181;72;66;Province0346;x
347;204;59;67;Province0347;x
348;36;101;57;Province0348;x
349;64;169;161;Province0349;x
350;115;90;147;Province0350;x
351;93;28;67;Province0351;x
352;64;107;150;Province0352;x
353;32;104;37;Province0353;x
354;86;51;77;Province0354;x
355;20;109;54;Province0355;x
356;68;53;31;Province0356;x
357;85;156;185;Province0357;x
358;52;99;10;Province0358;x
359;200;102;85;Province0359;x
360;210;75;76;Province0360;x
361;197;88;66;Province0361;x
362;88;33;40;Province0362;x
363;39;70;44;Southern Jungles;x
364;89;178;197;Province0364;x
365;19;116;2;Province0365;x
366;113;43;56;Province0366;x
367;88;64;159;Province0367;x
368;11;79;24;Province0368;x
369;49;102;11;Almuqadasa Isle;x
370;18;61;10;Province0370;x
371;76;44;64;Province0371;x
372;28;80;8;Province0372;x
373;79;209;177;Province0373;x
374;59;66;58;Province0374;x
375;10;95;11;Province0375;x
376;25;68;15;Province0376;x
377;57;110;15;Province0377;x
378;204;95;114;Province0378;x
379;47;94;39;Province0379;x
380;111;31;81;Province0380;x
381;52;73;1;Province0381;x
382;82;196;209;Province0382;x
383;49;73;22;Province0383;x
384;54;71;51;Province0384;x
385;65;101;20;Province0385;x
386;98;58;82;Province0386;x
387;40;79;1;Province0387;x
388;20;72;25;Province0388;x
389;67;178;186;Province0389;x
390;181;72;72;Province0390;x
391;17;61;32;Province0391;x
392;176;115;103;Province0392;x
393;198;87;109;Province0393;x
394;111;62;68;Province0394;x
395;21;102;7;Province0395;x
396;31;83;2;Province0396;x
397;97;56;71;Province0397;x
398;61;60;52;Province0398;x
399;101;49;31;Province0399;x
400;21;62;14;Province0400;x
401;213;109;116;Province0401;x
402;37;59;58;Province0402;x
403;78;173;172;Province0403;x
404;187;117;151;Province0404;x
405;179;147;151;Province0405;x
406;47;120;23;Province0406;x
407;95;25;26;Province0407;x
408;9;80;24;Province0408;x
409;73;172;39;Province0409;x
410;76;56;20;Province0410;x
411;21;111;35;Province0411;x
412;196;140;193;Province0412;x
413;80;185;181;Province0413;x
414;53;110;55;Province0414;x
415;95;190;162;Province0415;x
416;89;64;29;Province0416;x
417;40;77;61;Province0417;x
418;30;63;62;Province0418;x
419;49;66;56;Province0419;x
420;160;103;79;Province0420;x
421;180;147;157;Province0421;x
422;165;116;195;Province0422;x
423;212;137;158;Province0423;x
424;50;154;40;Province0424;x
425;171;142;179;Province0425;x
426;60;121;55;Province0426;x
427;12;78;36;Province0427;x
428;45;109;63;Province0428;x
429;25;99;39;Province0429;x
430;24;120;53;Province0430;x
431;184;69;70;Province0431;x
432;25;92;6;Province0432;x
433;160;114;191;Province0433;x
434;17;106;44;Province0434;x
435;32;70;18;Province0435;x
436;59;180;64;Province0436;x
437;215;132;180;Province0437;x
438;78;58;71;Province0438;x
439;20;101;28;Province0439;x
440;188;67;60;Province0440;x
441;26;68;13;Province0441;x
442;169;101;149;Province0442;x
443;47;80;42;Province0443;x
444;19;85;27;Province0444;x
445;187;78;204;Province0445;x
446;4;82;27;Province0446;x
447;204;100;82;Province0447;x
448;116;82;42;Province0448;x
449;178;80;68;Province0449;x
450;50;89;62;Province0450;x
451;33;66;18;Province0451;x
452;193;121;79;Province0452;x
453;80;68;81;New Tehran;x
454;75;147;44;Province0454;x
455;31;98;45;Province0455;x
456;168;116;76;Province0456;x
457;189;125;203;Province0457;x
458;58;71;67;Joro Jungle;x
459;52;62;38;Province0459;x
460;166;118;72;Province0460;x
461;207;100;212;Province0461;x
462;158;180;204;Province0462;x
463;158;215;206;Province0463;x
464;170;117;180;Province0464;x
465;66;22;82;Province0465;x
466;201;195;174;Province0466;x
467;52;94;60;Province0467;x
468;182;214;216;Province0468;x
469;215;187;166;Province0469;x
470;13;78;31;Province0470;x
471;21;88;33;Province0471;x
472;166;108;89;Province0472;x
473;57;74;44;Province0473;x
474;166;90;76;Province0474;x
475;165;70;61;Province0475;x
476;204;105;205;Province0476;x
477;187;176;213;Province0477;x
478;49;118;26;Province0478;x
479;166;116;71;Province0479;x
480;173;66;87;Province0480;x
481;38;117;35;Province0481;x
482;41;152;78;Province0482;x
483;210;70;176;Province0483;x
484;216;172;190;Province0484;x
485;170;168;168;Province0485;x
486;6;65;8;Province0486;x
487;182;87;169;Province0487;x
488;203;116;113;Province0488;x
489;85;66;56;Province0489;x
490;169;111;213;Barcelona;x
491;169;211;160;Province0491;x
492;176;94;72;France;x
493;215;58;70;Province0493;x
494;177;187;161;Province0494;x
495;62;89;40;Province0495;x
496;183;103;105;London;x
497;193;215;178;Province0497;x
498;37;170;24;Province0498;x
499;155;196;167;Province0499;x
500;156;165;209;Province0500;x
501;162;177;172;Province0501;x
502;8;94;32;Province0502;x
503;206;184;179;Province0503;x
504;52;94;7;Al'Alrd;x
505;192;96;214;Province0505;x
506;192;111;192;Province0506;x
507;207;111;151;Province0507;x
508;44;59;38;Province0508;x
509;171;159;175;Province0509;x
510;3;117;29;Province0510;x
511;155;116;74;Netherlands;x
512;157;125;201;Province0512;x
513;203;163;207;Province0513;x
514;171;181;179;Province0514;x
515;9;66;21;Province0515;x
516;49;194;61;Province0516;x
517;205;168;159;Province0517;x
518;170;110;163;Province0518;x
519;204;211;154;Province0519;x
520;209;118;115;Province0520;x
521;214;202;159;Province0521;x
522;186;190;209;Province0522;x
523;216;110;163;Province0523;x
524;173;195;180;Province0524;x
525;38;90;22;Province0525;x
526;62;150;28;Province0526;x
527;171;182;202;Province0527;x
528;201;62;120;Berlin;x
529;176;181;173;Province0529;x
530;180;116;96;Province0530;x
531;187;86;105;Province0531;x
532;212;191;210;Province0532;x
533;17;65;46;Province0533;x
534;211;76;111;Province0534;x
535;198;91;120;Province0535;x
536;186;147;195;Province0536;x
537;169;158;210;Province0537;x
538;159;133;180;Province0538;x
539;203;194;197;Province0539;x
540;167;181;207;Province0540;x
541;208;197;213;Province0541;x
542;174;171;207;Province0542;x
543;36;119;62;Province0543;x
544;193;144;189;Province0544;x
545;188;170;214;Province0545;x
546;193;111;204;Province0546;x
547;188;119;111;Province0547;x
548;193;97;188;Province0548;x
549;194;115;150;Province0549;x
550;28;78;53;Province0550;x
551;24;65;44;Province0551;x
552;177;82;77;Province0552;x
553;207;175;185;Province0553;x
554;199;66;187;Province0554;x
555;22;168;78;Province0555;x
556;72;163;60;Province0556;x
557;208;81;116;Province0557;x
558;185;89;64;Province0558;x
559;193;81;77;Province0559;x
560;172;108;166;Province0560;x
561;203;185;164;Province0561;x
562;215;87;168;Province0562;x
563;190;66;70;Province0563;x
564;176;95;73;Province0564;x
565;210;209;203;Province0565;x
566;210;204;201;Province0566;x
567;154;188;173;Province0567;x
568;46;79;51;Province0568;x
569;185;170;190;Province0569;x
570;201;119;111;Province0570;x
571;171;111;162;Province0571;x
572;194;123;163;Province0572;x
573;165;211;168;Province0573;x
574;194;90;189;Province0574;x
575;208;109;216;Province0575;x
576;199;90;191;Province0576;x
577;213;111;194;Province0577;x
578;178;115;102;Province0578;x
579;165;89;167;Rome;x
580;70;144;60;Province0580;x
581;154;118;78;Province0581;x
582;195;104;96;Province0582;x
583;207;76;185;Province0583;x
584;204;113;159;Province0584;x
585;35;204;68;Province0585;x
586;174;111;165;Province0586;x
587;176;81;101;Province0587;x
588;172;98;198;Province0588;x
589;65;93;74;Moscow;x
590;95;126;39;Province0590;x
591;212;89;200;Province0591;x
592;215;147;146;Province0592;x
593;209;99;215;Province0593;x
594;216;105;155;Province0594;x
595;70;193;64;Province0595;x
596;214;114;113;Province0596;x
597;174;109;174;Province0597;x
598;67;150;64;Province0598;x
599;175;116;159;Province0599;x
600;194;113;199;Province0600;x
601;212;111;197;Province0601;x
602;89;118;47;Province0602;x
603;180;144;193;Province0603;x
604;26;161;36;Istanbul;x
605;210;112;165;Province0605;x
606;95;82;60;Province0606;x
607;44;118;61;Province0607;x
608;203;120;172;Province0608;x
609;196;112;154;Province0609;x
610;69;182;47;Province0610;x
611;34;150;29;Province0611;x
612;94;125;34;Province0612;x
613;94;130;59;Province0613;x
614;35;180;63;Province0614;x
615;216;132;149;Province0615;x
616;52;165;56;Province0616;x
617;202;97;188;Province0617;x
618;45;102;47;Province0618;x
619;56;185;25;Province0619;x
620;155;141;148;Province0620;x
621;45;115;26;Province0621;x
622;73;151;64;Province0622;x
623;65;197;67;Alexandria;x
624;97;102;74;Province0624;x
625;172;110;164;Province0625;x
626;48;131;24;Province0626;x
627;213;108;195;Province0627;x
628;191;93;160;Province0628;x
629;205;161;175;Province0629;x
630;156;22;18;Province0630;x
631;77;163;60;Province0631;x
632;71;182;72;Province0632;x
633;54;113;45;Province0633;x
634;75;131;81;Province0634;x
635;93;136;33;Province0635;x
636;29;183;80;Province0636;x
637;157;5;37;Province0637;x
638;59;194;70;Province0638;x
639;223;105;60;Province0639;x
640;151;40;32;Province0640;x
641;46;83;46;Province0641;x
642;56;193;22;Jerusalem;x
643;236;153;199;Province0643;x
644;203;78;5;Province0644;x
645;161;121;156;Province0645;x
646;248;93;23;Province0646;x
647;74;152;58;Cairo;x
648;231;120;197;Province0648;x
649;65;111;78;Province0649;x
650;46;136;24;Province0650;x
651;231;167;167;Province0651;x
652;239;120;32;Province0652;x
653;44;167;25;Province0653;x
654;30;172;49;Province0654;x
655;52;186;33;Province0655;x
656;193;136;171;Province0656;x
657;155;63;26;Province0657;x
658;54;101;83;Province0658;x
659;246;117;22;Province0659;x
660;174;122;205;Province0660;x
661;76;89;50;Province0661;x
662;75;109;56;Province0662;x
663;121;27;51;Province0663;x
664;29;105;61;Province0664;x
665;233;102;59;Province0665;x
666;186;108;158;Province0666;x
667;213;103;200;Province0667;x
668;200;164;203;Province0668;x
669;207;113;170;Province0669;x
670;96;121;32;Province0670;x
671;36;169;60;Province0671;x
672;203;117;10;Province0672;x
673;117;49;8;Province0673;x
674;73;155;37;Tehran;x
675;78;164;42;Province0675;x
676;63;151;41;Province0676;x
677;175;165;180;Province0677;x
678;40;81;41;Province0678;x
679;230;118;61;Province0679;x
680;76;144;64;Province0680;x
681;71;192;38;Province0681;x
682;195;106;14;Province0682;x
683;177;115;155;Province0683;x
684;214;128;8;Province0684;x
685;120;50;40;Province0685;x
686;223;102;1;Province0686;x
687;151;0;25;Province0687;x
688;220;137;35;Province0688;x
689;27;204;59;Mecca;x
690;163;127;177;Province0690;x
691;65;205;70;Province0691;x
692;231;134;202;Province0692;x
693;70;98;25;Province0693;x
694;40;103;54;Province0694;x
695;52;104;42;Province0695;x
696;236;104;47;Province0696;x
697;143;22;39;Province0697;x
698;210;138;212;Province0698;x
699;247;126;47;Province0699;x
700;44;204;77;Province0700;x
701;212;145;187;Province0701;x
702;185;89;182;Province0702;x
703;52;119;61;Province0703;x
704;33;189;45;Province0704;x
705;121;18;25;Province0705;x
706;213;106;151;Province0706;x
707;21;151;48;Province0707;x
708;227;131;40;Province0708;x
709;46;78;71;Province0709;x
710;69;153;43;Province0710;x
711;168;168;165;Province0711;x
712;76;133;29;Province0712;x
713;222;140;183;Province0713;x
714;155;12;43;Province0714;x
715;42;116;45;Province0715;x
716;195;102;18;Province0716;x
717;250;110;5;Province0717;x
718;54;83;37;Province0718;x
719;225;149;186;Province0719;x
720;24;77;41;Province0720;x
721;219;87;63;Province0721;x
722;161;30;62;Province0722;x
723;207;146;204;Province0723;x
724;138;3;49;Province0724;x
725;203;93;159;Province0725;x
726;217;162;214;Province0726;x
727;231;92;35;Province0727;x
728;48;173;61;Province0728;x
729;82;149;68;Province0729;x
730;255;123;55;Province0730;x
731;43;191;77;Province0731;x
732;160;12;6;Province0732;x
733;159;98;190;Province0733;x
734;190;141;195;Province0734;x
735;192;107;43;Province0735;x
736;166;128;187;Province0736;x
737;96;137;48;Province0737;x
738;233;130;14;Province0738;x
739;50;188;76;Province0739;x
740;68;120;54;Province0740;x
741;117;38;31;Province0741;x
742;246;135;12;Province0742;x
743;76;154;30;Province0743;x
744;202;155;154;Province0744;x
745;217;114;44;Province0745;x
746;48;175;23;Province0746;x
747;214;135;173;Province0747;x
748;71;86;63;Province0748;x
749;162;6;41;Province0749;x
750;221;118;157;Province0750;x
751;26;81;47;Province0751;x
752;74;192;38;Province0752;x
753;236;111;12;Province0753;x
754;209;112;9;Province0754;x
755;74;204;81;Province0755;x
756;195;115;151;Province0756;x
757;221;132;176;Province0757;x
758;240;97;20;Province0758;x
759;222;120;209;Province0759;x
760;152;27;19;Province0760;x
761;230;132;206;Province0761;x
762;235;156;163;Province0762;x
763;221;88;39;Province0763;x
764;51;178;69;Province0764;x
765;42;64;71;Province0765;x
766;170;8;34;Province0766;x
767;132;18;5;Province0767;x
768;33;157;59;Province0768;x
769;136;26;43;Province0769;x
770;231;91;63;Province0770;x
771;185;141;206;Province0771;x
772;201;126;9;Province0772;x
773;208;147;33;Islamabad;x
774;196;126;188;Province0774;x
775;200;138;38;Province0775;x
776;215;116;1;Province0776;x
777;213;121;202;Province0777;x
778;234;138;173;Province0778;x
779;248;114;62;Province0779;x
780;201;113;189;Province0780;x
781;229;132;215;Province0781;x
782;235;129;206;Province0782;x
783;60;119;69;Province0783;x
784;138;41;11;Province0784;x
785;102;87;59;Province0785;x
786;116;16;14;Province0786;x
787;71;78;74;Province0787;x
788;213;128;38;Province0788;x
789;251;109;44;Province0789;x
790;121;17;14;Province0790;x
791;253;95;16;Province0791;x
792;59;70;52;Province0792;x
793;221;134;41;Province0793;x
794;155;158;49;Province0794;x
795;221;117;13;Province0795;x
796;235;118;178;Province0796;x
797;223;100;9;Province0797;x
798;233;99;48;Province0798;x
799;216;98;62;Province0799;x
800;213;140;23;Province0800;x
801;202;152;57;Province0801;x
802;182;130;187;Province0802;x
803;199;108;196;Province0803;x
804;187;126;61;Province0804;x
805;159;47;56;Province0805;x
806;234;120;168;Province0806;x
807;213;130;162;Province0807;x
808;98;106;31;Province0808;x
809;227;128;10;Province0809;x
810;162;3;27;Province0810;x
811;225;78;56;Province0811;x
812;138;46;7;Province0812;x
813;94;64;26;Province0813;x
814;231;102;42;Province0814;x
815;233;93;3;Province0815;x
816;210;170;61;Province0816;x
817;135;66;57;Province0817;x
818;121;44;26;Province0818;x
819;76;66;43;Province0819;x
820;248;111;44;Province0820;x
821;192;139;27;Province0821;x
822;255;113;49;Province0822;x
823;193;133;12;Province0823;x
824;172;133;49;Province0824;x
825;123;35;47;Province0825;x
826;202;112;27;Province0826;x
827;103;72;37;Province0827;x
828;184;167;55;Everest;x
829;114;49;47;Province0829;x
830;244;123;15;Province0830;x
831;72;46;62;Province0831;x
832;105;32;61;Province0832;x
833;61;78;73;Province0833;x
834;154;172;1;Mumbai;x
835;117;45;53;Province0835;x
836;96;108;2;Province0836;x
837;74;29;46;Province0837;x
838;207;132;178;Province0838;x
839;196;126;53;Province0839;x
840;205;161;6;Province0840;x
841;197;104;63;Province0841;x
842;58;66;43;Province0842;x
843;192;100;58;Province0843;x
844;232;140;20;Province0844;x
845;136;95;32;Province0845;x
846;204;155;28;Province0846;x
847;214;127;15;Province0847;x
848;59;67;44;Province0848;x
849;181;116;177;Province0849;x
850;179;141;201;Province0850;x
851;86;44;28;Province0851;x
852;203;122;57;Province0852;x
853;159;25;45;Province0853;x
854;138;87;29;Province0854;x
855;74;60;52;Province0855;x
856;168;178;17;Province0856;x
857;98;66;34;Province0857;x
858;102;24;58;Province0858;x
859;134;47;45;Province0859;x
860;88;79;58;Province0860;x
861;170;166;63;Province0861;x
862;113;80;64;Province0862;x
863;166;173;14;Province0863;x
864;165;153;41;Province0864;x
865;213;81;63;Province0865;x
866;204;131;32;Province0866;x
867;77;36;27;Province0867;x
868;207;151;23;Province0868;x
869;212;129;13;Province0869;x
870;196;83;52;Province0870;x
871;76;61;77;Province0871;x
872;218;94;10;Tokyo;x
873;90;70;30;Province0873;x
874;174;134;11;Province0874;x
875;89;55;34;Province0875;x
876;238;81;44;Province0876;x
877;103;52;47;Province0877;x
878;216;173;21;Province0878;x
879;74;22;50;Province0879;x
880;209;123;43;Province0880;x
881;196;91;5;Province0881;x
882;217;112;7;Province0882;x
883;185;157;27;Province0883;x
884;50;88;29;Province0884;x
885;175;22;7;Province0885;x
886;195;121;8;Province0886;x
887;205;172;0;Province0887;x
888;67;41;34;Dioxide;x
889;119;25;39;Province0889;x
890;60;65;71;Province0890;x
891;83;34;51;Province0891;x
892;196;109;25;Province0892;x
893;110;20;32;Province0893;x
894;169;138;12;Province0894;x
895;196;177;25;Province0895;x
896;94;54;60;Province0896;x
897;214;108;34;Province0897;x
898;72;45;56;Province0898;x
899;69;25;62;Province0899;x
900;158;136;36;Province0900;x
901;67;22;24;Province0901;x
902;91;72;45;Province0902;x
903;229;106;36;Province0903;x
904;143;33;60;Province0904;x
905;178;168;10;Province0905;x
906;101;38;51;Province0906;x
907;160;174;35;Province0907;x
908;203;177;43;Province0908;x
909;164;137;38;Province0909;x
910;112;25;51;Province0910;x
911;87;66;29;Province0911;x
912;133;33;34;Province0912;x
913;237;98;62;Province0913;x
914;160;62;1;Province0914;x
915;94;33;26;Province0915;x
916;82;80;60;Province0916;x
917;171;148;24;Sri Lanka;x
918;197;128;20;Province0918;x
919;71;70;60;Province0919;x
920;70;49;48;Province0920;x
921;169;154;6;Province0921;x
922;166;52;13;Province0922;x
923;113;65;80;Province0923;x
924;95;78;74;Province0924;x
925;101;71;40;Province0925;x
926;72;67;81;Province0926;x
927;186;120;47;Province0927;x
928;120;38;16;Province0928;x
929;204;191;197;Province0929;x
930;211;155;36;Province0930;x
931;192;159;24;Province0931;x
932;155;164;41;Province0932;x
933;199;197;174;Province0933;x
934;93;72;61;Province0934;x
935;226;127;20;Province0935;x
936;202;151;26;Province0936;x
937;121;76;49;Province0937;x
938;106;81;31;Province0938;x
939;160;173;13;Bangkok;x
940;77;65;80;Province0940;x
941;158;125;1;Province0941;x
942;68;76;23;Province0942;x
943;91;56;25;Province0943;x
944;187;169;19;Province0944;x
945;181;204;162;Province0945;x
946;111;76;27;Province0946;x
947;65;46;80;Province0947;x
948;113;69;69;Province0948;x
949;79;31;36;Province0949;x
950;105;30;62;Province0950;x
951;212;139;48;Province0951;x
952;98;36;22;Province0952;x
953;180;165;215;Province0953;x
954;101;78;23;Province0954;x
955;32;26;83;Province0955;x
956;188;120;58;Province0956;x
957;118;59;23;Province0957;x
958;68;47;55;Province0958;x
959;113;71;79;Province0959;x
960;204;143;45;Province0960;x
961;168;213;161;Province0961;x
962;174;191;214;Province0962;x
963;60;51;40;Province0963;x
964;195;164;17;Province0964;x
965;196;167;61;Province0965;x
966;166;211;177;Province0966;x
967;103;54;38;Province0967;x
968;86;24;26;Province0968;x
969;186;168;170;Province0969;x
970;43;40;78;Province0970;x
971;178;168;199;Province0971;x
972;173;183;164;Province0972;x
973;205;146;3;Province0973;x
974;160;134;18;Province0974;x
975;36;22;58;Province0975;x
976;72;28;91;Province0976;x
977;206;193;189;Province0977;x
978;201;169;61;Province0978;x
979;167;157;166;Province0979;x
980;205;175;189;Province0980;x
981;54;39;105;Province0981;x
982;199;126;52;Province0982;x
983;198;118;48;Province0983;x
984;196;169;184;Province0984;x
985;32;63;80;Province0985;x
986;162;163;179;Province0986;x
987;202;146;13;Province0987;x
988;199;164;46;Province0988;x
989;207;160;26;Province0989;x
990;204;188;163;Province0990;x
991;175;207;188;Province0991;x
992;165;210;188;Province0992;x
993;205;168;54;Province0993;x
994;215;152;58;Province0994;x
995;215;179;174;Province0995;x
996;186;130;147;Province0996;x
997;170;141;52;Province0997;x
998;213;214;186;Province0998;x
999;213;190;157;Province0999;x
1000;206;176;175;Province1000;x
1001;207;179;196;Province1001;x
1002;173;189;174;Province1002;x
1003;156;100;175;Province1003;x
1004;183;90;202;Province1004;x
1005;180;193;210;Province1005;x
1006;213;158;10;Province1006;x
1007;159;149;26;Bali;x
1008;206;186;194;Province1008;x
1009;206;159;216;Province1009;x
1010;188;191;190;Province1010;x
1011;185;166;171;Province1011;x
1012;76;46;115;Province1012;x
1013;158;179;181;Province1013;x
1014;200;195;180;Province1014;x
1015;73;80;243;Province1015;x
1016;186;124;206;Province1016;x
1017;196;194;162;Province1017;x
1018;80;63;66;Province1018;x
1019;193;190;191;Province1019;x
1020;190;178;195;Province1020;x
1021;70;108;200;Province1021;x
1022;157;115;150;Province1022;x
1023;167;101;189;Province1023;x
1024;203;157;175;Province1024;x
1025;201;157;50;Province1025;x
1026;204;165;169;Province1026;x
1027;208;213;214;Province1027;x
1028;194;164;54;Province1028;x
1029;50;109;205;Province1029;x
1030;95;88;218;Province1030;x
1031;196;187;179;Province1031;x
1032;196;195;189;Province1032;x
1033;194;203;161;Province1033;x
1034;35;63;82;Province1034;x
1035;176;178;203;Province1035;x
1036;201;207;101;Province1036;x
1037;205;103;147;Province1037;x
1038;200;129;202;Province1038;x
1039;177;205;186;Province1039;x
1040;183;193;213;Province1040;x
1041;214;199;160;Province1041;x
1042;182;184;195;Province1042;x
1043;81;46;116;Province1043;x
1044;192;156;191;Province1044;x
1045;168;200;172;Province1045;x
1046;184;161;172;Province1046;x
1047;48;71;117;Province1047;x
1048;206;193;215;Province1048;x
1049;203;215;51;Province1049;x
1050;204;148;51;Province1050;x
1051;190;184;193;Province1051;x
1052;216;201;194;Province1052;x
1053;204;197;178;Province1053;x
1054;74;66;110;Province1054;x
1055;163;205;67;Province1055;x
1056;161;161;58;Province1056;x
1057;192;115;119;Province1057;x
1058;102;60;220;Province1058;x
1059;162;190;194;Province1059;x
1060;72;24;96;Province1060;x
1061;159;161;197;Province1061;x
1062;170;179;160;Province1062;x
1063;187;211;197;Province1063;x
1064;197;87;63;Province1064;x
1065;195;172;204;Province1065;x
1066;161;178;51;Province1066;x
1067;213;179;210;Province1067;x
1068;159;198;194;Province1068;x
1069;183;174;172;Province1069;x
1070;172;216;50;Venetian Highlands;x
1071;167;196;181;Province1071;x
1072;211;160;93;Province1072;x
1073;40;81;247;Province1073;x
1074;181;189;165;Province1074;x
1075;178;70;81;Province1075;x
1076;195;182;163;Province1076;x
1077;168;206;183;Province1077;x
1078;207;216;46;Province1078;x
1079;41;73;218;Province1079;x
1080;177;174;208;Province1080;x
1081;26;70;112;Province1081;x
1082;178;182;204;Province1082;x
1083;183;194;85;Province1083;x
1084;158;170;204;Province1084;x
1085;205;178;176;Province1085;x
1086;174;59;116;Melbourne;x
1087;79;31;119;Province1087;x
1088;212;160;196;Province1088;x
1089;26;46;69;Province1089;x
1090;71;75;65;Province1090;x
1091;195;164;159;Province1091;x
1092;160;196;188;Province1092;x
1093;178;197;160;Province1093;x
1094;159;169;157;Province1094;x
1095;216;216;205;Province1095;x
1096;173;183;213;Province1096;x
1097;194;164;46;Province1097;x
1098;54;28;115;Province1098;x
1099;36;25;104;Province1099;x
1100;54;33;88;Province1100;x
1101;161;163;201;Province1101;x
1102;60;56;61;Province1102;x
1103;175;193;204;Province1103;x
1104;156;181;178;Province1104;x
1105;211;202;163;Province1105;x
1106;210;162;171;Province1106;x
1107;230;224;253;Province1107;x
1108;52;54;69;Province1108;x
1109;248;197;229;Province1109;x
1110;206;214;159;Province1110;x
1111;230;193;206;Province1111;x
1112;201;168;163;Province1112;x
1113;61;36;93;Province1113;x
1114;64;67;106;Province1114;x
1115;64;25;71;Province1115;x
1116;172;177;166;Province1116;x
1117;189;194;199;Province1117;x
1118;31;46;84;Province1118;x
1119;189;185;168;Province1119;x
1120;73;99;200;Province1120;x
1121;198;196;231;Province1121;x
1122;248;254;227;Province1122;x
1123;171;206;213;Province1123;x
1124;43;28;85;Province1124;x
1125;162;209;210;Province1125;x
1126;209;220;254;Province1126;x
1127;212;214;248;Province1127;x
1128;81;80;203;Province1128;x
1129;46;26;92;Province1129;x
1130;195;194;162;Province1130;x
1131;28;67;84;Province1131;x
1132;66;75;213;Province1132;x
1133;213;204;169;Province1133;x
1134;219;193;233;Province1134;x
1135;179;170;183;Province1135;x
1136;72;78;109;Province1136;x
1137;82;116;239;Province1137;x
1138;21;33;116;Province1138;x
1139;142;53;56;Province1139;x
1140;213;220;243;Province1140;x
1141;208;197;158;Province1141;x
1142;186;176;154;Province1142;x
1143;141;1;60;Phobos;x
1144;80;91;233;Province1144;x
1145;43;114;248;Province1145;x
1146;253;235;241;Province1146;x
1147;158;208;155;Province1147;x
1148;102;66;251;Province1148;x
1149;250;222;197;Province1149;x
1150;184;214;181;Province1150;x
1151;193;204;211;Province1151;x
1152;76;83;248;Province1152;x
1153;200;172;216;Province1153;x
1154;227;223;234;Province1154;x
1155;237;192;238;Province1155;x
1156;222;205;217;Province1156;x
1157;220;211;235;Province1157;x
1158;238;251;195;Province1158;x
1159;162;204;165;Province1159;x
1160;170;10;2;Alba Mons;x
1161;121;31;48;Province1161;x
1162;116;24;40;Province1162;x
1163;168;59;22;Province1163;x
1164;255;244;220;Province1164;x
1165;53;105;59;Province1165;x
1166;49;76;51;Province1166;x
1167;134;34;29;Province1167;x
1168;210;196;241;Province1168;x
1169;3;76;20;Province1169;x
1170;134;12;59;Province1170;x
1171;149;22;15;Province1171;x
1172;171;18;35;Province1172;x
1173;117;54;56;Province1173;x
1174;224;250;225;Province1174;x
1175;14;82;50;Province1175;x
1176;128;29;4;Province1176;x
1177;154;211;196;Province1177;x
1178;159;13;5;Province1178;x
1179;53;114;0;Province1179;x
1180;63;65;31;Province1180;x
1181;133;63;56;Province1181;x
1182;27;86;62;Province1182;x
1183;166;37;34;Province1183;x
1184;175;13;38;Province1184;x
1185;64;103;10;Province1185;x
1186;158;32;2;Province1186;x
1187;159;40;58;Province1187;x
1188;134;12;3;Province1188;x
1189;55;114;62;Province1189;x
1190;172;60;19;Province1190;x
1191;64;77;24;Province1191;x
1192;218;239;249;Province1192;x
1193;151;9;59;Province1193;x
1194;178;35;52;Province1194;x
1195;122;5;22;Province1195;x
1196;116;54;56;Province1196;x
1197;51;98;9;Province1197;x
1198;17;87;0;Province1198;x
1199;216;180;176;Province1199;x
1200;143;5;25;Province1200;x
1201;153;47;0;Province1201;x
1202;29;108;16;Province1202;x
1203;203;169;172;Province1203;x
1204;196;211;207;Province1204;x
1205;119;14;27;Province1205;x
1206;37;103;42;Province1206;x
1207;62;107;57;Province1207;x
1208;33;116;54;Province1208;x
1209;171;8;34;Province1209;x
1210;128;1;50;Province1210;x
1211;206;203;163;Province1211;x
1212;20;92;18;Province1212;x
1213;130;16;9;Province1213;x
1214;37;85;4;Province1214;x
1215;56;91;50;Province1215;x
1216;171;35;32;Province1216;x
1217;136;22;41;Province1217;x
1218;38;119;21;Province1218;x
1219;134;51;28;Province1219;x
1220;21;65;46;Province1220;x
1221;7;99;22;Province1221;x
1222;149;17;14;Province1222;x
1223;12;89;59;Province1223;x
1224;66;87;62;Province1224;x
1225;27;62;21;Province1225;x
1226;13;70;48;Province1226;x
1227;201;205;167;Province1227;x
1228;177;46;23;Province1228;x
1229;196;226;228;Province1229;x
1230;21;69;39;Province1230;x
1231;30;104;39;Province1231;x
1232;43;101;51;Province1232;x
1233;165;157;211;Province1233;x
1234;136;16;28;Province1234;x
1235;190;181;155;Province1235;x
1236;139;11;15;Province1236;x
1237;135;36;45;Olympus Mons;x
1238;137;29;42;Province1238;x
1239;249;244;254;Province1239;x
1240;151;17;6;Province1240;x
1241;44;105;38;Province1241;x
1242;121;50;61;Province1242;x
1243;29;67;12;Province1243;x
1244;43;108;33;Province1244;x
1245;214;231;253;Province1245;x
1246;134;33;4;Province1246;x
1247;31;85;13;Province1247;x
1248;148;26;54;Province1248;x
1249;164;9;22;Province1249;x
1250;160;216;211;Province1250;x
1251;146;33;20;Province1251;x
1252;171;167;205;Province1252;x
1253;165;177;195;Province1253;x
1254;38;83;46;Province1254;x
1255;142;30;11;Province1255;x
1256;148;13;39;Province1256;x
1257;166;29;7;Province1257;x
1258;14;87;22;Province1258;x
1259;123;10;22;Province1259;x
1260;134;41;5;Province1260;x
1261;3;72;29;Province1261;x
1262;46;101;24;Province1262;x
1263;163;25;35;Province1263;x
1264;15;68;55;Province1264;x
1265;40;89;4;Province1265;x
1266;183;201;178;Province1266;x
1267;161;29;59;Province1267;x
1268;164;41;8;Province1268;x
1269;176;44;49;Province1269;x
1270;157;58;57;Province1270;x
1271;55;110;1;Province1271;x
1272;145;32;61;Pavonis Mons;x
1273;159;195;178;Province1273;x
1274;130;43;59;Province1274;x
1275;57;65;32;Province1275;x
1276;153;54;11;Province1276;x
1277;150;11;49;Province1277;x
1278;31;119;15;Province1278;x
1279;51;97;63;Province1279;x
1280;32;86;52;Province1280;x
1281;119;46;44;Province1281;x
1282;16;89;44;Province1282;x
1283;10;103;33;Province1283;x
1284;14;98;25;Province1284;x
1285;42;99;33;Province1285;x
1286;143;16;17;Province1286;x
1287;128;45;21;Province1287;x
1288;169;197;197;Province1288;x
1289;61;73;29;Province1289;x
1290;159;28;46;Province1290;x
1291;132;14;54;Province1291;x
1292;169;29;60;Province1292;x
1293;144;51;26;Province1293;x
1294;19;110;4;Province1294;x
1295;201;198;159;Province1295;x
1296;66;60;29;Province1296;x
1297;157;205;189;Province1297;x
1298;144;8;17;Province1298;x
1299;107;105;2;Province1299;x
1300;207;171;170;Province1300;x
1301;183;195;179;Province1301;x
1302;124;97;15;Province1302;x
1303;38;103;28;Province1303;x
1304;154;37;9;Province1304;x
1305;120;53;0;Province1305;x
1306;209;159;204;Province1306;x
1307;98;81;27;Province1307;x
1308;170;178;183;Province1308;x
1309;83;55;34;Province1309;x
1310;16;79;39;Province1310;x
1311;172;18;12;Province1311;x
1312;209;181;198;Province1312;x
1313;158;181;204;Province1313;x
1314;122;59;16;Province1314;x
1315;216;189;164;Province1315;x
1316;184;179;164;Province1316;x
1317;210;176;176;Province1317;x
1318;90;82;36;Valles;x
1319;177;162;192;Province1319;x
1320;177;184;206;Province1320;x
1321;99;74;80;Province1321;x
1322;136;60;37;Province1322;x
1323;67;57;61;Province1323;x
1324;29;61;67;Province1324;x
1325;86;106;30;Province1325;x
1326;186;216;168;Province1326;x
1327;68;63;32;Province1327;x
1328;132;78;56;Province1328;x
1329;74;73;118;Province1329;x
1330;39;76;69;Province1330;x
1331;60;56;76;Province1331;x
1332;20;29;58;Province1332;x
1333;198;206;187;Province1333;x
1334;200;168;178;Province1334;x
1335;186;159;199;Province1335;x
1336;45;32;103;Province1336;x
1337;62;59;43;Province1337;x
1338;117;73;12;Province1338;x
1339;34;66;75;Province1339;x
1340;80;76;68;Province1340;x
1341;78;61;25;Province1341;x
1342;65;45;64;Province1342;x
1343;112;116;8;Province1343;x
1344;57;60;121;Province1344;x
1345;208;196;169;Province1345;x
1346;162;154;213;Province1346;x
1347;52;56;91;Province1347;x
1348;70;80;27;Province1348;x
1349;74;26;101;Province1349;x
1350;25;44;99;Province1350;x
1351;82;48;66;Province1351;x
1352;115;19;43;Province1352;x
1353;129;77;0;Province1353;x
1354;75;56;108;Province1354;x
1355;103;88;19;Province1355;x
1356;167;29;37;Province1356;x
1357;121;67;42;Province1357;x
1358;50;56;83;Province1358;x
1359;90;64;60;Province1359;x
1360;58;38;64;Province1360;x
1361;136;5;18;Province1361;x
1362;98;81;33;Province1362;x
1363;133;19;29;Province1363;x
1364;53;36;108;Province1364;x
1365;128;113;25;Province1365;x
1366;204;176;169;Province1366;x
1367;47;21;64;Province1367;x
1368;115;83;35;Province1368;x
1369;165;181;156;Province1369;x
1370;55;71;87;Province1370;x
1371;125;86;3;Province1371;x
1372;148;1;45;Province1372;x
1373;142;38;46;Province1373;x
1374;60;61;68;Province1374;x
1375;124;10;49;Province1375;x
1376;139;13;42;Province1376;x
1377;92;95;0;Argyre;x
1378;224;231;239;Province1378;x
1379;99;109;0;Province1379;x
1380;220;228;249;Province1380;x
1381;91;103;3;Province1381;x
1382;175;30;20;Province1382;x
1383;46;54;121;Province1383;x
1384;82;59;6;Province1384;x
1385;44;54;113;Province1385;x
1386;116;19;47;Province1386;x
1387;227;249;223;Province1387;x
1388;117;40;22;Province1388;x
1389;145;37;25;Province1389;x
1390;231;246;213;Province1390;x
1391;56;75;88;Province1391;x
1392;236;234;231;Province1392;x
1393;68;37;59;Province1393;x
1394;73;53;84;Planum Australe;x
1395;247;199;192;Province1395;x
1396;245;211;208;Province1396;x
1397;82;85;36;Province1397;x
1398;39;24;90;Province1398;x
1399;67;79;85;Province1399;x
1400;79;28;75;Province1400;x
1401;252;231;209;Province1401;x
1402;33;89;31;Province1402;x
1403;78;71;116;Province1403;x
1404;81;61;22;Province1404;x
1405;167;8;24;Province1405;x
1406;70;63;60;Province1406;x
1407;218;211;200;Province1407;x
1408;31;42;71;Province1408;x
1409;39;48;81;Province1409;x
1410;246;224;229;Province1410;x
1411;43;79;115;Province1411;x
1412;60;73;72;Province1412;x
1413;194;213;225;Province1413;x
1414;106;94;35;Province1414;x
1415;33;31;108;Province1415;x
1416;27;78;24;Province1416;x
1417;44;34;62;Province1417;x
1418;71;94;65;Province1418;x
1419;101;114;23;Province1419;x
1420;54;114;32;Province1420;x
1421;73;38;110;Province1421;x
1422;55;96;60;Province1422;x
1423;43;60;58;Province1423;x
1424;211;248;214;Province1424;x
1425;26;69;99;Province1425;x
1426;47;62;80;Province1426;x
1427;111;76;63;Province1427;x
1428;77;26;106;Province1428;x
1429;247;217;232;Province1429;x
1430;113;71;55;Province1430;x
1431;29;43;64;Province1431;x
1432;98;96;38;Province1432;x
1433;51;22;59;Province1433;x
1434;194;238;207;Province1434;x
1435;50;110;58;Province1435;x
1436;92;62;52;Province1436;x
1437;102;69;35;Province1437;x
1438;242;234;225;Province1438;x
1439;54;108;65;Province1439;x
1440;108;96;18;Province1440;x
1441;22;76;75;Province1441;x
1442;51;104;48;Province1442;x
1443;93;120;6;Province1443;x
1444;204;212;193;Province1444;x
1445;47;52;77;Province1445;x
1446;39;22;94;Province1446;x
1447;208;203;248;Province1447;x
1448;32;62;63;Province1448;x
1449;32;103;13;Province1449;x
1450;240;231;206;Province1450;x
1451;48;61;68;Province1451;x
1452;82;30;61;Province1452;x
1453;251;255;223;Province1453;x
1454;64;70;103;Province1454;x
1455;80;26;66;Province1455;x
1456;88;64;11;Province1456;x
1457;79;69;110;Province1457;x
1458;112;87;17;Province1458;x
1459;118;115;20;Province1459;x
1460;55;78;52;Province1460;x
1461;51;108;35;Province1461;x
1462;143;105;28;Province1462;x
1463;41;42;84;Province1463;x
1464;206;204;236;Province1464;x
1465;240;212;230;Province1465;x
1466;55;52;83;Province1466;x
1467;64;36;95;Province1467;x
1468;45;66;24;Province1468;x
1469;51;105;44;Province1469;x
1470;107;60;6;Province1470;x
1471;240;195;211;Province1471;x
1472;131;62;26;Province1472;x
1473;27;48;64;Province1473;x
1474;29;109;36;Province1474;x
1475;107;82;19;Province1475;x
1476;71;21;97;Province1476;x
1477;46;22;77;Province1477;x
1478;20;70;77;Province1478;x
1479;50;68;114;Province1479;x
1480;254;251;244;Province1480;x
1481;126;69;5;Province1481;x
1482;63;55;88;Province1482;x
1483;59;79;73;Province1483;x
1484;112;104;58;Province1484;x
1485;82;20;93;Province1485;x
1486;49;78;23;Province1486;x
1487;55;77;73;Province1487;x
1488;14;93;33;Province1488;x
1489;129;90;42;Province1489;x
1490;142;102;8;Province1490;x
1491;83;67;35;Province1491;x
1492;43;37;107;Province1492;x
1493;139;60;34;Province1493;x
1494;237;206;218;Province1494;x
1495;75;41;114;Province1495;x
1496;25;86;50;Province1496;x
1497;26;23;106;Province1497;x
1498;199;239;255;Province1498;x
1499;140;69;57;Province1499;x
1500;227;226;250;Province1500;x
1501;82;29;66;Province1501;x
1502;129;85;32;Province1502;x
1503;220;218;231;Province1503;x
1504;95;121;43;Province1504;x
1505;228;201;204;Province1505;x
1506;125;87;27;Province1506;x
1507;62;85;39;Province1507;x
1508;48;33;60;Province1508;x
1509;27;36;60;Province1509;x
1510;33;78;67;Province1510;x
1511;26;97;77;Province1511;x
1512;199;232;247;Province1512;x
1513;135;0;46;Province1513;x
1514;53;113;28;Province1514;x
1515;60;86;24;Province1515;x
1516;81;92;51;Province1516;x
1517;253;243;205;Province1517;x
1518;204;206;203;Province1518;x
1519;242;230;213;Province1519;x
1520;47;74;74;Province1520;x
1521;30;101;62;Province1521;x
1522;22;25;97;Province1522;x
1523;69;109;47;Province1523;x
1524;67;106;33;Province1524;x
1525;48;79;46;Province1525;x
1526;41;85;71;Province1526;x
1527;38;76;35;Province1527;x
1528;38;77;34;Province1528;x
1529;37;43;119;Province1529;x
1530;47;54;105;Province1530;x
1531;69;82;29;Province1531;x
1532;239;212;249;Province1532;x
1533;31;98;58;Province1533;x
1534;82;27;70;Province1534;x
1535;24;38;68;Province1535;x
1536;29;94;66;Province1536;x
1537;81;109;79;Province1537;x
1538;73;105;73;Province1538;x
1539;57;80;108;Province1539;x
1540;55;91;51;Province1540;x
1541;82;105;69;Province1541;x
1542;62;83;69;Province1542;x
1543;58;64;71;Province1543;x
1544;225;204;247;Province1544;x
1545;51;89;77;Province1545;x
1546;27;114;35;Province1546;x
1547;83;64;86;Province1547;x
1548;207;246;228;Province1548;x
1549;35;52;85;Province1549;x
1550;32;61;23;Province1550;x
1551;46;61;81;Province1551;x
1552;80;106;77;Province1552;x
1553;52;70;57;Province1553;x
1554;28;91;36;Province1554;x
1555;26;74;65;Province1555;x
1556;40;72;58;Province1556;x
1557;64;89;67;Province1557;x
1558;69;80;58;Hellas Delta;x
1559;51;58;33;Province1559;x
1560;25;93;58;Province1560;x
1561;46;100;80;Province1561;x
1562;69;70;73;Province1562;x
1563;39;94;49;Province1563;x
1564;44;116;77;Province1564;x
1565;37;20;71;Province1565;x
1566;71;42;82;Province1566;x
1567;20;97;39;Province1567;x
1568;21;116;29;Province1568;x
1569;41;121;62;Province1569;x
1570;73;74;52;Province1570;x
1571;80;40;61;Province1571;x
1572;76;68;213;Province1572;x
1573;34;59;82;Province1573;x
1574;57;75;53;Province1574;x
1575;47;98;21;Province1575;x
1576;71;95;74;Province1576;x
1577;100;99;241;Province1577;x
1578;50;100;51;Province1578;x
1579;57;119;78;Province1579;x
1580;63;66;81;Province1580;x
1581;70;119;79;Province1581;x
1582;74;47;98;Province1582;x
1583;47;78;86;Province1583;x
1584;61;92;80;Province1584;x
1585;60;59;67;Province1585;x
1586;33;87;62;Province1586;x
1587;76;45;62;Province1587;x
1588;56;77;70;Province1588;x
1589;80;110;37;Province1589;x
1590;73;81;20;Province1590;x
1591;42;111;28;Province1591;x
1592;74;92;38;Province1592;x
1593;56;55;90;Province1593;x
1594;57;113;211;Province1594;x
1595;38;72;34;Province1595;x
1596;57;78;57;Province1596;x
1597;36;109;67;Province1597;x
1598;47;70;62;Province1598;x
1599;65;89;63;Province1599;x
1600;76;40;113;Province1600;x
1601;81;48;109;Province1601;x
1602;29;100;38;Province1602;x
1603;29;97;30;Province1603;x
1604;243;225;252;Province1604;x
1605;57;102;77;Province1605;x
1606;81;112;231;Province1606;x
1607;57;62;81;Province1607;x
1608;28;90;45;Province1608;x
1609;36;38;109;Province1609;x
1610;34;69;59;Province1610;x
1611;74;95;49;Province1611;x
1612;24;63;64;Province1612;x
1613;210;239;215;Province1613;x
1614;50;65;46;Province1614;x
1615;45;88;40;Province1615;x
1616;43;70;223;Province1616;x
1617;42;87;224;Province1617;x
1618;28;95;25;Province1618;x
1619;36;26;81;Province1619;x
1620;84;82;244;Province1620;x
1621;29;82;66;Province1621;x
1622;61;102;255;Province1622;x
1623;74;87;200;Province1623;x
1624;70;26;61;Province1624;x
1625;36;33;98;Province1625;x
1626;66;63;227;Province1626;x
1627;214;201;255;Province1627;x
1628;56;68;249;Province1628;x
1629;47;55;64;Province1629;x
1630;56;87;44;Province1630;x
1631;34;66;66;Province1631;x
1632;72;114;255;Province1632;x
1633;59;82;40;Province1633;x
1634;42;100;225;Province1634;x
1635;97;64;224;Province1635;x
1636;30;22;64;Province1636;x
1637;212;250;223;Province1637;x
1638;204;221;192;Province1638;x
1639;69;83;38;Province1639;x
1640;54;91;224;Province1640;x
1641;76;91;194;Province1641;x
1642;50;92;206;Province1642;x
1643;77;90;48;Province1643;x
1644;54;28;75;Province1644;x
1645;87;97;244;Province1645;x
1646;53;116;29;Province1646;x
1647;80;101;30;Province1647;x
1648;68;67;206;Province1648;x
1649;204;230;192;Province1649;x
1650;72;103;200;Province1650;x
1651;59;102;211;Province1651;x
1652;73;61;78;Province1652;x
1653;199;222;245;Province1653;x
1654;217;201;203;Province1654;x
1655;89;59;211;Province1655;x
1656;55;110;194;Province1656;x
1657;61;109;237;Province1657;x
1658;77;61;40;Province1658;x
1659;56;64;225;Province1659;x
1660;109;75;32;Province1660;x
1661;23;74;49;Province1661;x
1662;133;69;44;Province1662;x
1663;86;121;232;Province1663;x
1664;57;28;105;Province1664;x
1665;194;199;242;Province1665;x
1666;47;108;75;Province1666;x
1667;60;112;204;Province1667;x
1668;125;68;33;Province1668;x
1669;40;72;93;Province1669;x
1670;104;64;16;Province1670;x
1671;69;72;207;Province1671;x
1672;82;81;229;Province1672;x
1673;91;77;216;Province1673;x
1674;102;105;41;Province1674;x
1675;31;21;113;Province1675;x
1676;44;61;208;Province1676;x
1677;48;77;49;Province1677;x
1678;87;76;55;Province1678;x
1679;79;82;224;Province1679;x
1680;52;96;196;Province1680;x
1681;101;113;203;Province1681;x
1682;61;22;116;Province1682;x
1683;62;111;254;Province1683;x
1684;209;205;215;Province1684;x
1685;90;78;230;Province1685;x
1686;69;80;115;Province1686;x
1687;86;85;21;Province1687;x
1688;31;52;62;Province1688;x
1689;55;76;201;Province1689;x
1690;55;84;63;Province1690;x
1691;131;97;6;Province1691;x
1692;119;85;44;Province1692;x
1693;52;71;226;Province1693;x
1694;51;110;227;Province1694;x
1695;79;77;211;Province1695;x
1696;84;73;56;Province1696;x
1697;55;68;77;Province1697;x
1698;83;114;42;Province1698;x
1699;100;115;199;Province1699;x
1700;141;102;47;Province1700;x
1701;88;87;205;Province1701;x
1702;26;94;66;Province1702;x
1703;120;64;20;Province1703;x
1704;109;94;56;Province1704;x
1705;65;37;86;Province1705;x
1706;23;83;37;Province1706;x
1707;89;104;46;Province1707;x
1708;77;61;77;Province1708;x
1709;122;71;40;Province1709;x
1710;56;68;63;Province1710;x
1711;80;22;61;Province1711;x
1712;42;63;99;Province1712;x
1713;67;69;80;Province1713;x
1714;127;81;15;Province1714;x
1715;28;58;61;Province1715;x
1716;31;87;27;Province1716;x
1717;81;63;55;Province1717;x
1718;78;65;47;Province1718;x
1719;41;29;74;Province1719;x
1720;66;113;80;Province1720;x
1721;99;79;12;Province1721;x
1722;133;78;26;Province1722;x
1723;45;77;29;Province1723;x
1724;48;85;30;Province1724;x
1725;26;59;37;Province1725;x
1726;143;76;11;Province1726;x
1727;61;95;73;Province1727;x
1728;80;25;63;Province1728;x
1729;31;47;61;Province1729;x
1730;63;93;26;Province1730;x
1731;43;74;83;Province1731;x
1732;65;83;83;Province1732;x
1733;69;77;85;Province1733;x
1734;51;115;5;Province1734;x
1735;14;77;14;Province1735;x
1736;60;35;59;Province1736;x
1737;51;22;82;Province1737;x
1738;49;116;81;Province1738;x
1739;39;117;70;Province1739;x
1740;26;67;6;Province1740;x
1741;17;101;57;Province1741;x
1742;62;62;42;Province1742;x
1743;46;78;10;Province1743;x
1744;48;108;77;Province1744;x
1745;29;75;110;Province1745;x
1746;45;61;31;Province1746;x
1747;28;111;58;Province1747;x
1748;53;116;35;Province1748;x
1749;26;21;60;Province1749;x
1750;66;65;99;Province1750;x
1751;43;74;89;Province1751;x
1752;34;89;40;Province1752;x
1753;34;104;79;Province1753;x
1754;34;53;98;Province1754;x
1755;50;81;61;Province1755;x
1756;52;69;28;Province1756;x
1757;41;116;53;Province1757;x
1758;72;107;63;Province1758;x
1759;18;106;9;Province1759;x
1760;46;119;64;Province1760;x
1761;62;51;102;Province1761;x
1762;66;119;5;Province1762;x
1763;69;45;110;Province1763;x
1764;6;104;43;Province1764;x
1765;40;52;63;Province1765;x
1766;29;103;53;Province1766;x
1767;35;88;49;Province1767;x
1768;56;75;72;Province1768;x
1769;55;44;62;Province1769;x
1770;11;109;49;Province1770;x
1771;59;24;91;Province1771;x
1772;24;37;109;Province1772;x
1773;21;51;99;Province1773;x
1774;54;59;24;Province1774;x
1775;47;80;63;Province1775;x
1776;64;75;80;Province1776;x
1777;59;85;52;Province1777;x
1778;49;99;75;Province1778;x
1779;77;100;37;Province1779;x
1780;7;60;16;Province1780;x
1781;34;61;27;Province1781;x
1782;64;103;52;Province1782;x
1783;78;99;31;Province1783;x
1784;41;61;51;Province1784;x
1785;40;104;62;Province1785;x
1786;28;120;56;Province1786;x
1787;72;94;26;Province1787;x
1788;65;74;35;Province1788;x
1789;62;77;43;Province1789;x
1790;23;69;78;Province1790;x
1791;41;30;100;Province1791;x
1792;70;76;80;Province1792;x
1793;82;64;55;Province1793;x
1794;31;117;81;Province1794;x
1795;201;198;219;Province1795;x
1796;60;116;69;Province1796;x
1797;227;232;250;Province1797;x
1798;204;208;222;Province1798;x
1799;99;110;42;Province1799;x
1800;25;87;46;Province1800;x
1801;53;121;53;Province1801;x
1802;83;80;59;Province1802;x
1803;72;87;35;Province1803;x
1804;194;205;232;Province1804;x
1805;76;79;238;Province1805;x
1806;39;62;39;Province1806;x
1807;47;110;70;Province1807;x
1808;98;77;18;Province1808;x
1809;77;118;23;Province1809;x
1810;72;74;52;Province1810;x
1811;39;44;115;Province1811;x
1812;250;216;199;Upper Triton Shores;x
1813;235;215;196;Province1813;x
1814;87;113;231;Province1814;x
1815;82;86;61;Province1815;x
1816;46;104;66;Province1816;x
1817;217;249;217;Province1817;x
1818;133;87;48;Province1818;x
1819;30;115;22;Province1819;x
1820;93;101;17;Province1820;x
1821;246;219;202;Province1821;x
1822;94;84;37;Province1822;x
1823;98;63;39;Province1823;x
1824;33;94;82;Province1824;x
1825;85;61;27;Province1825;x
1826;94;69;55;Province1826;x
1827;33;72;47;Province1827;x
1828;196;211;241;Province1828;x
1829;31;81;26;Province1829;x
1830;73;38;89;Province1830;x
1831;54;94;40;Province1831;x
1832;142;81;35;Province1832;x
1833;221;210;239;Province1833;x
1834;78;82;195;Province1834;x
1835;216;220;233;Province1835;x
1836;107;66;47;Province1836;x
1837;69;111;218;Province1837;x
1838;67;77;75;Province1838;x
1839;231;239;208;Province1839;x
1840;75;65;28;Province1840;x
1841;246;203;251;Province1841;x
1842;70;110;61;Province1842;x
1843;120;91;33;Province1843;x
1844;79;70;35;Province1844;x
1845;61;91;202;Province1845;x
1846;102;113;31;Province1846;x
1847;54;88;39;Province1847;x
1848;94;63;42;Province1848;x
1849;200;195;236;Province1849;x
1850;248;234;210;Province1850;x
1851;28;110;46;Province1851;x
1852;224;254;202;Naiad;x
1853;75;55;87;Province1853;x
1854;193;215;234;Province1854;x
1855;95;78;207;Province1855;x
1856;95;110;31;Province1856;x
1857;67;111;26;Province1857;x
1858;26;72;117;Province1858;x
1859;50;59;216;Province1859;x
1860;131;112;38;Province1860;x
1861;105;103;53;Province1861;x
1862;130;97;60;Province1862;x
1863;252;239;237;Province1863;x
1864;250;253;203;Province1864;x
1865;105;95;25;Province1865;x
1866;62;85;232;Province1866;x
1867;62;88;218;Province1867;x
1868;96;91;23;Province1868;x
1869;36;101;63;Province1869;x
1870;33;78;59;Province1870;x
1871;250;192;254;Province1871;x
1872;62;77;29;Province1872;x
1873;54;103;61;Province1873;x
1874;116;118;50;Province1874;x
1875;243;203;207;Province1875;x
1876;135;115;46;Province1876;x
1877;243;229;251;Province1877;x
1878;82;113;15;Province1878;x
1879;217;212;227;Province1879;x
1880;85;108;193;Province1880;x
1881;73;95;64;Province1881;x
1882;227;210;221;Cronus Peninsula;x
1883;107;95;36;Province1883;x
1884;106;71;48;Province1884;x
1885;60;72;222;Province1885;x
1886;102;107;1;Province1886;x
1887;26;73;50;Province1887;x
1888;132;118;31;Province1888;x
1889;77;59;22;Province1889;x
1890;75;79;201;Province1890;x
1891;203;228;193;Province1891;x
1892;195;194;193;Province1892;x
1893;115;115;13;Province1893;x
1894;91;86;3;Province1894;x
1895;249;201;192;Province1895;x
1896;214;240;209;Province1896;x
1897;26;86;32;Province1897;x
1898;217;198;239;Province1898;x
1899;139;110;17;Province1899;x
1900;112;92;5;Province1900;x
1901;206;196;233;Province1901;x
1902;137;80;24;Province1902;x
1903;72;100;61;Province1903;x
1904;57;93;205;Province1904;x
1905;56;82;51;Province1905;x
1906;76;97;23;Province1906;x
1907;112;95;63;Province1907;x
1908;36;71;59;Province1908;x
1909;203;228;198;Province1909;x
1910;57;71;69;Province1910;x
1911;94;108;11;Province1911;x
1912;112;63;35;Province1912;x
1913;101;116;33;Province1913;x
1914;67;101;60;Province1914;x
1915;198;230;232;Province1915;x
1916;51;100;231;Province1916;x
1917;31;98;57;Astaeus;x
1918;69;94;209;Province1918;x
1919;107;112;52;Province1919;x
1920;234;229;213;Province1920;x
1921;255;233;193;Province1921;x
1922;143;82;5;Province1922;x
1923;219;223;198;Province1923;x
1924;25;67;64;Province1924;x
1925;64;82;84;Province1925;x
1926;52;80;205;Province1926;x
1927;83;94;239;Province1927;x
1928;248;204;254;Province1928;x
1929;46;79;207;Province1929;x
1930;103;94;1;Province1930;x
1931;227;204;198;Province1931;x
1932;108;92;34;Province1932;x
1933;87;77;12;Province1933;x
1934;34;99;70;Province1934;x
1935;203;199;244;Proteus;x
1936;100;89;41;Province1936;x
1937;60;121;48;Province1937;x
1938;28;55;77;Province1938;x
1939;98;119;16;Province1939;x
1940;80;68;65;Province1940;x
1941;235;208;251;Province1941;x
1942;83;70;208;Province1942;x
1943;255;228;250;New Jerusalem;x
1944;72;120;39;Province1944;x
1945;135;74;44;Province1945;x
1946;82;85;38;Province1946;x
1947;217;203;244;Province1947;x
1948;206;228;234;Province1948;x
1949;50;100;36;Province1949;x
1950;254;212;250;Province1950;x
1951;83;77;22;Province1951;x
1952;112;66;60;Province1952;x
1953;61;73;55;Province1953;x
1954;57;75;206;Province1954;x
1955;42;113;29;Province1955;x
1956;236;243;197;Eastern Callisto;x
1957;74;62;65;Province1957;x
1958;101;77;199;Province1958;x
1959;100;79;221;Province1959;x
1960;129;71;50;Province1960;x
1961;82;50;102;Province1961;x
1962;80;97;250;Province1962;x
1963;25;72;81;Province1963;x
1964;28;61;35;Province1964;x
1965;90;105;3;Province1965;x
1966;78;69;238;Province1966;x
1967;37;97;82;Province1967;x
1968;77;113;232;Province1968;x
1969;102;75;32;Province1969;x
1970;114;90;26;Province1970;x
1971;131;95;8;Province1971;x
1972;61;57;86;Province1972;x
1973;198;197;232;Province1973;x
1974;66;88;40;Province1974;x
1975;233;226;197;Province1975;x
1976;57;72;83;Province1976;x
1977;73;95;22;Province1977;x
1978;82;86;217;Province1978;x
1979;111;108;5;Province1979;x
1980;71;121;209;Province1980;x
1981;83;105;196;Province1981;x
1982;47;61;237;Province1982;x
1983;96;87;204;Galatea;x
1984;144;121;22;Province1984;x
1985;240;239;195;Province1985;x
1986;72;80;205;Province1986;x
1987;200;224;232;Province1987;x
1988;22;40;82;Province1988;x
1989;244;221;196;Province1989;x
1990;29;83;76;Province1990;x
1991;104;121;41;Province1991;x
1992;64;83;79;Province1992;x
1993;65;119;70;Province1993;x
1994;138;93;3;Province1994;x
1995;232;239;252;Province1995;x
1996;59;108;238;Province1996;x
1997;48;81;120;Province1997;x
1998;47;121;20;Province1998;x
1999;46;70;206;Province1999;x
2000;51;115;68;Province2000;x
2001;57;119;201;Province2001;x
2002;73;118;243;Province2002;x
2003;75;66;228;Province2003;x
2004;136;117;3;Province2004;x
2005;85;84;209;Province2005;x
2006;66;88;64;Province2006;x
2007;246;248;246;Province2007;x
2008;43;65;242;Province2008;x
2009;32;59;64;Province2009;x
2010;89;63;193;Province2010;x
2011;66;82;77;Province2011;x
2012;129;70;27;Province2012;x
2013;29;31;59;Province2013;x
2014;213;204;214;Province2014;x
2015;34;118;21;Province2015;x
2016;55;32;87;Province2016;x
2017;50;76;86;Province2017;x
2018;61;119;232;Province2018;x
2019;34;78;40;Province2019;x
2020;109;99;59;Province2020;x
2021;48;118;198;Province2021;x
2022;54;83;231;Province2022;x
2023;78;77;247;Province2023;x
2024;92;74;195;Province2024;x
2025;82;70;254;Province2025;x
2026;74;103;200;Province2026;x
2027;94;76;250;Province2027;x
2028;50;67;72;Province2028;x
2029;62;68;204;Province2029;x
2030;48;89;213;Province2030;x
2031;82;94;72;Province2031;x
2032;122;60;2;Province2032;x
2033;67;84;195;Province2033;x
2034;68;21;69;Province2034;x
2035;82;72;246;Province2035;x
2036;21;80;60;Province2036;x
2037;67;59;237;Province2037;x
2038;68;81;63;Province2038;x
2039;51;60;212;Province2039;x
2040;46;104;202;Province2040;x
2041;44;65;49;Province2041;x
2042;49;103;28;Province2042;x
2043;21;26;77;Province2043;x
2044;72;60;210;Province2044;x
2045;73;102;205;Province2045;x
2046;37;117;35;Iapetus Bay;x
2047;46;76;254;Province2047;x
2048;81;61;200;Province2048;x
2049;138;106;11;Province2049;x
2050;20;43;113;Province2050;x
2051;78;67;194;Province2051;x
2052;100;80;234;Province2052;x
2053;60;87;204;Province2053;x
2054;99;99;225;Province2054;x
2055;130;90;13;Province2055;x
2056;89;81;20;Province2056;x
2057;49;84;35;Province2057;x
2058;70;78;103;Province2058;x
2059;75;110;247;Province2059;x
2060;43;102;217;Province2060;x
2061;70;107;199;Province2061;x
2062;70;106;31;Province2062;x
2063;99;96;19;Province2063;x
2064;68;102;249;Province2064;x
2065;60;29;68;Province2065;x
2066;69;64;96;Province2066;x
2067;79;38;85;Province2067;x
2068;83;63;239;Province2068;x
2069;43;103;249;Province2069;x
2070;102;67;2;Province2070;x
2071;57;66;33;Province2071;x
2072;78;86;206;Province2072;x
2073;112;109;21;Province2073;x
2074;95;85;48;Province2074;x
2075;29;66;18;Province2075;x
2076;58;71;110;Province2076;x
2077;82;33;98;Province2077;x
2078;117;96;48;Province2078;x
2079;50;71;67;Province2079;x
2080;59;70;211;Province2080;x
2081;74;95;207;Province2081;x
2082;97;64;16;Province2082;x
2083;69;91;40;Province2083;x
2084;116;94;25;Province2084;x
2085;65;112;251;Province2085;x
2086;91;59;252;Province2086;x
2087;125;107;60;Province2087;x
2088;129;64;49;Province2088;x
2089;34;103;22;Province2089;x
2090;87;88;228;Province2090;x
2091;105;112;20;Province2091;x
2092;29;67;25;Province2092;x
2093;112;87;20;Province2093;x
2094;87;66;198;Province2094;x
2095;54;101;58;Province2095;x
2096;82;96;239;Crius Bay;x
2097;43;114;73;Province2097;x
2098;110;69;51;Province2098;x
2099;28;101;76;Province2099;x
2100;53;108;46;Province2100;x
2101;138;86;28;Province2101;x
2102;97;103;31;Province2102;x
2103;85;94;229;Province2103;x
2104;8;96;5;Province2104;x
2105;61;77;39;Province2105;x
2106;32;121;37;Province2106;x
2107;47;108;212;Province2107;x
2108;70;68;77;Province2108;x
2109;58;95;50;Province2109;x
2110;58;88;253;Province2110;x
2111;66;117;60;Province2111;x
2112;113;110;34;Province2112;x
2113;139;84;33;Province2113;x
2114;55;66;244;Province2114;x
2115;25;90;72;Province2115;x
2116;72;101;199;Province2116;x
2117;30;77;74;Province2117;x
2118;87;119;219;Province2118;x
2119;24;80;80;Province2119;x
2120;33;61;78;Province2120;x
2121;20;73;26;Province2121;x
2122;69;74;44;Province2122;x
2123;34;84;51;Province2123;x
2124;118;71;47;Province2124;x
2125;123;69;11;Province2125;x
2126;130;100;41;Province2126;x
2127;36;63;47;Province2127;x
2128;40;99;222;Province2128;x
2129;69;92;235;Province2129;x
2130;127;115;10;Province2130;x
2131;132;76;19;Province2131;x
2132;65;85;41;Province2132;x
2133;76;87;204;Province2133;x
2134;94;116;56;Province2134;x
2135;59;89;58;Province2135;x
2136;119;85;28;Province2136;x
2137;65;66;22;Province2137;x
2138;117;63;8;Province2138;x
2139;130;81;30;Province2139;x
2140;55;83;43;Province2140;x
2141;114;69;61;Province2141;x
2142;22;109;63;Province2142;x
2143;103;107;18;Province2143;x
2144;110;88;35;Province2144;x
2145;108;73;26;Province2145;x
2146;43;60;50;Province2146;x
2147;91;79;53;Province2147;x
2148;102;88;236;Province2148;x
2149;91;84;63;Province2149;x
2150;78;96;39;Province2150;x
2151;46;80;22;Province2151;x
2152;109;97;1;Province2152;x
2153;23;111;26;Province2153;x
2154;111;100;49;Province2154;x
2155;56;60;229;Province2155;x
2156;141;105;11;Province2156;x
2157;76;107;245;Province2157;x
2158;83;111;62;Province2158;x
2159;44;100;42;Province2159;x
2160;101;76;198;Province2160;x
2161;81;105;24;Province2161;x
2162;61;77;29;Province2162;x
2163;133;82;4;Province2163;x
2164;126;100;1;Province2164;x
2165;81;115;35;Province2165;x
2166;43;59;38;Province2166;x
2167;81;93;22;Province2167;x
2168;63;59;30;Province2168;x
2169;25;115;33;Province2169;x
2170;134;67;60;Province2170;x
2171;46;113;26;Province2171;x
2172;114;87;11;Province2172;x
2173;123;117;29;Province2173;x
2174;95;115;28;Province2174;x
2175;143;64;52;Province2175;x
2176;96;98;12;Province2176;x
2177;123;61;39;Province2177;x
2178;48;88;217;;x
2179;10;62;162;;x
2180;31;23;131;;x
2181;35;44;239;;x
2182;51;14;169;;x
2183;15;22;222;;x
2184;57;19;240;;x
2185;41;112;252;;x
2186;52;79;158;;x
2187;28;64;209;;x
2188;56;66;246;;x
2189;3;92;145;;x
2190;38;32;248;;x
2191;33;75;227;;x
2192;7;32;224;;x
2193;63;119;204;;x
2194;61;14;178;;x
2195;26;10;191;;x
2196;35;87;225;;x
2197;24;105;179;;x
2198;6;111;189;;x
2199;1;78;202;;x
2200;62;18;160;;x
2201;24;24;173;;x
2202;9;19;222;;x
2203;59;34;150;;x
2204;11;108;225;;x
2205;56;89;235;;x
2206;37;69;240;;x
2207;20;36;203;;x
2208;0;116;200;;x
2209;31;109;175;;x
2210;5;79;184;;x
2211;52;81;208;;x
2212;7;26;158;;x
2213;32;3;149;;x
2214;26;33;201;;x
2215;29;39;240;;x
2216;3;34;246;;x
2217;38;118;136;;x
2218;23;55;204;;x
2219;52;112;201;;x
2220;50;46;169;;x
2221;43;57;233;;x
2222;30;121;235;;x
2223;17;123;136;;x
2224;55;94;175;;x
2225;58;100;144;;x
2226;53;103;199;;x
2227;42;39;228;;x
2228;23;23;244;;x
2229;3;72;169;;x
2230;50;32;135;;x
2231;0;62;182;;x
2232;61;103;176;;x
2233;37;85;246;;x
2234;16;17;143;;x
2235;4;87;175;;x
2236;10;31;180;;x
2237;35;30;247;;x
2238;25;47;250;;x
2239;56;98;208;;x
2240;16;1;200;;x
2241;55;53;179;;x
2242;38;11;160;;x
2243;10;82;139;;x
2244;58;46;194;;x
2245;31;105;225;;x
2246;52;76;208;;x
2247;0;113;145;;x
2248;34;65;254;;x
2249;33;120;179;;x
2250;60;116;157;;x
2251;0;100;212;;x
2252;6;12;224;;x
2253;23;44;165;;x
2254;61;25;134;;x
2255;62;89;225;;x
2256;38;40;251;;x
2257;0;11;166;;x
2258;19;59;135;;x
2259;38;118;193;;x
2260;22;76;174;;x
2261;25;64;188;;x
2262;44;63;157;;x
2263;26;103;133;;x
2264;14;63;209;;x
2265;23;117;235;;x
2266;61;42;163;;x
2267;46;73;250;;x
2268;53;102;241;;x
2269;25;105;238;;x
2270;42;12;185;;x
2271;8;119;188;;x
2272;55;115;238;;x
2273;63;100;224;;x
2274;63;21;236;;x
2275;40;62;249;;x
2276;5;12;144;;x
2277;33;2;235;;x
2278;38;62;157;;x
2279;29;22;251;;x
2280;39;99;152;;x
2281;5;41;133;;x
2282;41;40;170;;x
2283;27;27;233;;x
2284;5;19;189;;x
2285;45;17;135;;x
2286;46;44;142;;x
2287;54;69;180;;x
2288;28;92;164;;x
2289;10;68;211;;x
2290;16;105;254;;x
2291;27;102;224;;x
2292;51;39;227;;x
2293;1;42;152;;x
2294;55;37;246;;x
2295;30;126;227;;x
2296;8;50;142;;x
2297;62;74;245;;x
2298;38;127;179;;x
2299;52;104;211;;x
2300;54;4;242;;x
2301;28;29;193;;x
2302;20;11;241;;x
2303;26;67;252;;x
2304;9;59;177;;x
2305;18;42;234;;x
2306;11;67;138;;x
2307;0;3;166;;x
2308;50;22;168;;x
2309;0;119;208;;x
2310;8;13;148;;x
2311;55;30;216;;x
2312;2;108;157;;x
2313;35;112;161;;x
2314;55;32;130;;x
2315;6;54;193;;x
2316;27;2;142;;x
2317;26;104;163;;x
2318;15;34;232;;x
2319;34;42;188;;x
2320;5;111;235;;x
2321;36;100;132;;x
2322;48;59;164;;x
2323;10;45;204;;x
2324;10;56;245;;x
2325;21;71;151;;x
2326;57;127;168;;x
2327;11;73;182;;x
2328;47;62;172;;x
2329;24;37;142;;x
2330;1;51;139;;x
2331;59;88;210;;x
2332;21;100;186;;x
2333;43;51;213;;x
2334;4;93;245;;x
2335;24;58;240;;x
2336;48;11;210;;x
2337;41;112;182;;x
2338;47;96;207;;x
2339;14;24;169;;x
2340;28;114;213;;x
2341;52;10;128;;x
